,date,away,home,awaySpread,total
0,20180411,Toronto,Miami,-7,199.5
1,20180411,New York,Cleveland,-15.5,219
2,20180411,Milwaukee,Philadelphia,-5.5,o215
3,20180411,Denver,Minnesota,-3,213
4,20180411,Memphis,Oklahoma City,-17.5,o211
5,20180411,San Antonio,New Orleans,-3.5,211.5
6,20180411,Washington,Orlando,-4,203.5
7,20180411,Brooklyn,Boston,-3,207
8,20180411,Detroit,Chicago,-1.5,211.5
9,20180411,Utah,Portland,-3,200
10,20180411,Houston,Sacramento,-5.5,o205.5
11,20180411,L.A. Lakers,L.A. Clippers,-2.5,215.5
12,20180410,Charlotte,Indiana,-6.5,217.5
13,20180410,Philadelphia,Atlanta,-9.5,218.5
14,20180410,Boston,Washington,-6.5,206
15,20180410,Phoenix,Dallas,-4,215.5
16,20180410,Golden State,Utah,-7,212
17,20180410,Houston,L.A. Lakers,-9.5,221.5
18,20180409,Toronto,Detroit,-3.5,209.5
19,20180409,Cleveland,New York,-12,o223.5
20,20180409,Chicago,Brooklyn,-8.5,220.5
21,20180409,Oklahoma City,Miami,-2,213
22,20180409,Memphis,Minnesota,-15,212
23,20180409,Orlando,Milwaukee,-10,209
24,20180409,Sacramento,San Antonio,-13,198
25,20180409,Portland,Denver,-3.5,218
26,20180409,New Orleans,L.A. Clippers,-5.5,227.5
27,20180408,Dallas,Philadelphia,-13,215.5
28,20180408,Indiana,Charlotte,-2,213.5
29,20180408,Atlanta,Boston,-10,202
30,20180408,Detroit,Memphis,-5.5,203.5
31,20180408,Orlando,Toronto,-13,210.5
32,20180408,Utah,L.A. Lakers,-6,210
33,20180408,Golden State,Phoenix,-13.5,217
34,20180407,Denver,L.A. Clippers,-1,223
35,20180407,Milwaukee,New York,-9.5,219.5
36,20180407,Brooklyn,Chicago,-5,216
37,20180407,New Orleans,Golden State,-7,224
38,20180407,Oklahoma City,Houston,-6.5,219
39,20180407,Portland,San Antonio,-3.5,202.5
40,20180406,Charlotte,Orlando,-5.5,211.5
41,20180406,Dallas,Detroit,-7.5,205.5
42,20180406,Atlanta,Washington,-10.5,208.5
43,20180406,Cleveland,Philadelphia,-3.5,223
44,20180406,Chicago,Boston,-10,201
45,20180406,Indiana,Toronto,-7.5,208.5
46,20180406,Miami,New York,-9,209.5
47,20180406,Sacramento,Memphis,-4,198
48,20180406,New Orleans,Phoenix,-10,220
49,20180406,Minnesota,L.A. Lakers,-3.5,219
50,20180405,Golden State,Indiana,-1.5,212.5
51,20180405,Portland,Houston,-10,217
52,20180405,Washington,Cleveland,-5.5,220
53,20180405,Brooklyn,Milwaukee,-8,220.5
54,20180405,L.A. Clippers,Utah,-7,212
55,20180405,Minnesota,Denver,-5,226
56,20180404,Philadelphia,Detroit,-1,212
57,20180404,Dallas,Orlando,-1,203.5
58,20180404,Miami,Atlanta,-8.5,205
59,20180404,Boston,Toronto,-8,206
60,20180404,Memphis,New Orleans,-13,216.5
61,20180404,San Antonio,L.A. Lakers,-5.5,207
62,20180403,Brooklyn,Philadelphia,-9,223
63,20180403,Toronto,Cleveland,-1.5,223.5
64,20180403,Atlanta,Miami,-11.5,208.5
65,20180403,Orlando,New York,-1,211
66,20180403,Washington,Houston,-8,213
67,20180403,Boston,Milwaukee,-2,207.5
68,20180403,Golden State,Oklahoma City,-3.5,222.5
69,20180403,Charlotte,Chicago,-5.5,216.5
70,20180403,Portland,Dallas,-9,208
71,20180403,Indiana,Denver,-3.5,216.5
72,20180403,L.A. Lakers,Utah,-10.5,207.5
73,20180403,Sacramento,Phoenix,-1,211
74,20180403,San Antonio,L.A. Clippers,-1,209
75,20180401,Philadelphia,Charlotte,-2,217.5
76,20180401,Washington,Chicago,-8,210.5
77,20180401,Houston,San Antonio,-2,208.5
78,20180401,Indiana,L.A. Clippers,-2.5,216
79,20180401,Dallas,Cleveland,-11,217.5
80,20180401,Oklahoma City,New Orleans,-1,226
81,20180401,Orlando,Atlanta,-2,209
82,20180401,Detroit,Brooklyn,-1,210
83,20180401,Utah,Minnesota,-1,208.5
84,20180401,Milwaukee,Denver,-3.5,224
85,20180401,Phoenix,Golden State,-15,216
86,20180401,Memphis,Portland,-14.5,206
87,20180401,Sacramento,L.A. Lakers,-7,210.5
88,20180331,Charlotte,Washington,-5.5,219.5
89,20180331,Detroit,New York,-3.5,211
90,20180331,Toronto,Boston,-3.5,208
91,20180331,Brooklyn,Miami,-7.5,211.5
92,20180331,Golden State,Sacramento,-8.5,211.5
93,20180330,Chicago,Orlando,-6.5,212.5
94,20180330,Philadelphia,Atlanta,-7.5,215.5
95,20180330,New Orleans,Cleveland,-4,229.5
96,20180330,Denver,Oklahoma City,-3,223
97,20180330,Phoenix,Houston,-3.5,223.5
98,20180330,Minnesota,Dallas,-5.5,217
99,20180330,Memphis,Utah,-15,196
100,20180330,Milwaukee,L.A. Lakers,0,218.5
101,20180330,L.A. Clippers,Portland,-6,217.5
102,20180329,Washington,Detroit,-1,210
103,20180329,Chicago,Miami,-13,211
104,20180329,Oklahoma City,San Antonio,-1,207
105,20180329,Indiana,Sacramento,-7.5,203
106,20180329,Milwaukee,Golden State,-3.5,215.5
107,20180328,Brooklyn,Orlando,-1.5,216
108,20180328,New York,Philadelphia,-12.5,221.5
109,20180328,Cleveland,Charlotte,-1.5,229.5
110,20180328,Atlanta,Minnesota,-12.5,217.5
111,20180328,Portland,Memphis,-5.5,202
112,20180328,Boston,Utah,-6.5,197
113,20180328,L.A. Clippers,Phoenix,-9.5,222
114,20180328,Dallas,L.A. Lakers,-7.5,216.5
115,20180327,San Antonio,Washington,-1.5,201.5
116,20180327,Denver,Toronto,-9,225.5
117,20180327,Portland,New Orleans,-1.5,222
118,20180327,Chicago,Houston,-17.5,218
119,20180327,Cleveland,Miami,-4,219.5
120,20180327,Dallas,Sacramento,-1.5,201.5
121,20180327,Milwaukee,L.A. Clippers,-3,225.5
122,20180327,Indiana,Golden State,-5,203.5
123,20180326,L.A. Lakers,Detroit,-4.5,215
124,20180326,New York,Charlotte,-11.5,223
125,20180326,Denver,Philadelphia,-5.5,223.5
126,20180326,Memphis,Minnesota,-14,215.5
127,20180326,Boston,Phoenix,-10,210
128,20180325,Cleveland,Brooklyn,-6.5,228
129,20180325,San Antonio,Milwaukee,-2.5,u203.5
130,20180325,Miami,Indiana,-4,207
131,20180325,Boston,Sacramento,-6,200.5
132,20180325,New York,Washington,-10,217
133,20180325,L.A. Clippers,Toronto,-8,225.5
134,20180325,Portland,Oklahoma City,-3,216
135,20180325,Atlanta,Houston,-14.5,219
136,20180325,Utah,Golden State,-3,203
137,20180324,Minnesota,Philadelphia,-7,222
138,20180324,Chicago,Detroit,-11.5,210
139,20180324,Phoenix,Orlando,-6,217
140,20180324,L.A. Lakers,Memphis,-5,218
141,20180324,New Orleans,Houston,-8.5,226.5
142,20180324,Charlotte,Dallas,-1,214.5
143,20180323,L.A. Clippers,Indiana,-2.5,218.5
144,20180323,Denver,Washington,-1.5,219.5
145,20180323,Minnesota,New York,-6.5,222
146,20180323,Phoenix,Cleveland,-13,229.5
147,20180323,Brooklyn,Toronto,-12,221.5
148,20180323,Miami,Oklahoma City,-6.5,215.5
149,20180323,Milwaukee,Chicago,-5,216.5
150,20180323,Utah,San Antonio,-3,193.5
151,20180323,Boston,Portland,-6.5,203
152,20180323,Atlanta,Golden State,-9,221
153,20180322,Philadelphia,Orlando,-7,213.5
154,20180322,Memphis,Charlotte,-9,214.5
155,20180322,L.A. Lakers,New Orleans,-3,228
156,20180322,Detroit,Houston,-12.5,214.5
157,20180322,Utah,Dallas,-8,200.5
158,20180322,Atlanta,Sacramento,-2,212.5
159,20180321,Toronto,Cleveland,-1,227.5
160,20180321,Memphis,Philadelphia,-13,211
161,20180321,New York,Miami,-10,214
162,20180321,Charlotte,Brooklyn,0,223
163,20180321,L.A. Clippers,Milwaukee,-4,o224.5
164,20180321,Denver,Chicago,-9,222
165,20180321,Indiana,New Orleans,-1,221
166,20180321,Washington,San Antonio,-5,203.5
167,20180320,Toronto,Orlando,-10,214
168,20180320,Dallas,New Orleans,-9,219.5
169,20180320,L.A. Clippers,Minnesota,-3,227
170,20180320,Oklahoma City,Boston,-3,208
171,20180320,Atlanta,Utah,-13,209
172,20180320,Detroit,Phoenix,-6,214
173,20180320,Houston,Portland,-4.5,214.5
174,20180319,Milwaukee,Cleveland,-3.5,222.5
175,20180319,L.A. Lakers,Indiana,-5,o219.5
176,20180319,Charlotte,Philadelphia,-7.5,223
177,20180319,Denver,Miami,-1.5,214.5
178,20180319,Chicago,New York,-5.5,218
179,20180319,Memphis,Brooklyn,-5,212
180,20180319,Golden State,San Antonio,-6.5,206
181,20180319,Detroit,Sacramento,-2.5,203
182,20180318,Oklahoma City,Toronto,-6.5,217
183,20180318,Boston,New Orleans,-3,214.5
184,20180318,Houston,Minnesota,-7,221
185,20180318,Portland,L.A. Clippers,-2.5,220.5
186,20180317,Atlanta,Milwaukee,-11,214.5
187,20180317,Indiana,Washington,-3.5,209
188,20180317,Houston,New Orleans,-6.5,227
189,20180317,Dallas,Brooklyn,-2.5,213
190,20180317,Charlotte,New York,-6,221
191,20180317,Denver,Memphis,-6,216
192,20180317,Cleveland,Chicago,-6,222.5
193,20180317,Minnesota,San Antonio,-4.5,211.5
194,20180317,Sacramento,Utah,-15,200
195,20180317,Golden State,Phoenix,-3,215
196,20180317,Detroit,Portland,-8,208
197,20180316,Boston,Orlando,-6.5,205.5
198,20180316,Brooklyn,Philadelphia,-9,217.5
199,20180316,Dallas,Toronto,-11.5,213
200,20180316,L.A. Clippers,Oklahoma City,-4,222
201,20180316,Sacramento,Golden State,-11,214
202,20180316,Miami,L.A. Lakers,-3.5,219.5
203,20180315,Toronto,Indiana,-3.5,213.5
204,20180315,Charlotte,Atlanta,-4.5,220
205,20180315,Philadelphia,New York,-9,217
206,20180315,L.A. Clippers,Houston,-11,224.5
207,20180315,Chicago,Memphis,-1.5,211.5
208,20180315,New Orleans,San Antonio,-3.5,219.5
209,20180315,Phoenix,Utah,-12,212
210,20180315,Detroit,Denver,-7.5,216
211,20180315,Cleveland,Portland,-4.5,222
212,20180314,Milwaukee,Orlando,-8,208
213,20180314,Washington,Boston,-2,204
214,20180314,Miami,Sacramento,-6.5,205.5
215,20180314,L.A. Lakers,Golden State,-7.5,223
216,20180313,Minnesota,Washington,-4,216
217,20180313,Indiana,Philadelphia,-5.5,211
218,20180313,Toronto,Brooklyn,-9.5,219
219,20180313,Dallas,New York,-2.5,212.5
220,20180313,Oklahoma City,Atlanta,-5.5,214
221,20180313,L.A. Clippers,Chicago,-6,224.5
222,20180313,Charlotte,New Orleans,-4.5,230
223,20180313,Orlando,San Antonio,-10,206
224,20180313,Detroit,Utah,-8,198
225,20180313,Cleveland,Phoenix,-7,230
226,20180313,Denver,L.A. Lakers,-2,231.5
227,20180312,Milwaukee,Memphis,-7,206.5
228,20180312,Sacramento,Oklahoma City,-12,210
229,20180312,San Antonio,Houston,-13,208
230,20180312,Miami,Portland,-8,211
231,20180311,Toronto,New York,-9.5,218
232,20180311,Chicago,Atlanta,-3,215.5
233,20180311,Golden State,Minnesota,-5,225.5
234,20180311,Utah,New Orleans,-12.5,212
235,20180311,Sacramento,Denver,-11.5,217
236,20180311,Houston,Dallas,-12.5,214
237,20180311,Indiana,Boston,-6.5,209
238,20180311,Philadelphia,Brooklyn,-6.5,217
239,20180311,Cleveland,L.A. Lakers,-2,228.5
240,20180310,Phoenix,Charlotte,-13,223
241,20180310,Washington,Miami,-4,207
242,20180310,San Antonio,Oklahoma City,-4.5,211
243,20180310,Memphis,Dallas,-8.5,205.5
244,20180310,Orlando,L.A. Clippers,-11.5,220.5
245,20180309,Atlanta,Indiana,-8,210
246,20180309,Chicago,Detroit,-8,214
247,20180309,Houston,Toronto,-1.5,220.5
248,20180309,New York,Milwaukee,-10,214
249,20180309,Utah,Memphis,-9,198.5
250,20180309,Washington,New Orleans,-1,218.5
251,20180309,L.A. Lakers,Denver,-6.5,229.5
252,20180309,Golden State,Portland,-4,227.5
253,20180309,Orlando,Sacramento,-4.5,211
254,20180309,Cleveland,L.A. Clippers,-1.5,231
255,20180308,Brooklyn,Charlotte,-7,217.5
256,20180308,Philadelphia,Miami,-1,208.5
257,20180308,Boston,Minnesota,-2,214
258,20180308,Phoenix,Oklahoma City,-10.5,228
259,20180308,San Antonio,Golden State,-11.5,221.5
260,20180307,Utah,Indiana,0,201
261,20180307,Memphis,Chicago,-3,206
262,20180307,Houston,Milwaukee,-6,216.5
263,20180307,Toronto,Detroit,-5,213
264,20180307,New Orleans,Sacramento,-5.5,224
265,20180307,Cleveland,Denver,-2.5,230
266,20180307,Orlando,L.A. Lakers,-7,226.5
267,20180306,Philadelphia,Charlotte,-1.5,215
268,20180306,Miami,Washington,-5,204
269,20180306,Atlanta,Toronto,-12.5,218
270,20180306,Houston,Oklahoma City,-4.5,223
271,20180306,Denver,Dallas,-4.5,219
272,20180306,New York,Portland,-9.5,215
273,20180306,New Orleans,L.A. Clippers,-3,237
274,20180306,Brooklyn,Golden State,-14,230
275,20180305,Detroit,Cleveland,-7,218.5
276,20180305,Milwaukee,Indiana,-3,208.5
277,20180305,Phoenix,Miami,-9,216.5
278,20180305,Boston,Chicago,-9,215.5
279,20180305,Memphis,San Antonio,-10.5,199.5
280,20180305,Orlando,Utah,-10,206.5
281,20180305,Portland,L.A. Lakers,-2,223.5
282,20180304,Phoenix,Atlanta,-2.5,222.5
283,20180304,Indiana,Washington,-3.5,208.5
284,20180304,Charlotte,Toronto,-9,219
285,20180304,New Orleans,Dallas,-3.5,223
286,20180304,Philadelphia,Milwaukee,-1,210
287,20180304,New York,Sacramento,-2,215
288,20180304,Brooklyn,L.A. Clippers,-8,226
289,20180303,Memphis,Orlando,-8,o208.5
290,20180303,Denver,Cleveland,-5,228
291,20180303,Detroit,Miami,-5,205.5
292,20180303,Boston,Houston,-8.5,216.5
293,20180303,L.A. Lakers,San Antonio,-4,219
294,20180303,Utah,Sacramento,-6.5,203.5
295,20180303,Oklahoma City,Portland,-4,214
296,20180302,Detroit,Orlando,-2.5,212.5
297,20180302,Charlotte,Philadelphia,-3.5,216
298,20180302,Golden State,Atlanta,-13,227
299,20180302,Dallas,Chicago,-1.5,212.5
300,20180302,Denver,Memphis,-7,215.5
301,20180302,Toronto,Washington,-3,216
302,20180302,Indiana,Milwaukee,-3,210.5
303,20180302,Oklahoma City,Phoenix,-8,223
304,20180302,Minnesota,Utah,-6.5,210
305,20180302,New York,L.A. Clippers,-9.5,226.5
306,20180301,L.A. Lakers,Miami,-4,215.5
307,20180301,Philadelphia,Cleveland,-2.5,222.5
308,20180301,Brooklyn,Sacramento,0,214
309,20180301,Minnesota,Portland,-4,217
310,20180228,Milwaukee,Detroit,-2,208
311,20180228,Toronto,Orlando,-9.5,219.5
312,20180228,Indiana,Atlanta,-4,211
313,20180228,Charlotte,Boston,-7,208
314,20180228,Phoenix,Memphis,-2,213
315,20180228,Golden State,Washington,-8.5,226.5
316,20180228,New Orleans,San Antonio,-5,220
317,20180228,Oklahoma City,Dallas,-5,214
318,20180228,Houston,L.A. Clippers,-7,226
319,20180227,Chicago,Charlotte,-10,216.5
320,20180227,Brooklyn,Cleveland,-11.5,221
321,20180227,Philadelphia,Miami,0,207
322,20180227,Washington,Milwaukee,-3,212
323,20180227,Sacramento,Portland,-11.5,210.5
324,20180227,L.A. Clippers,Denver,-3.5,233
325,20180226,Detroit,Toronto,-11,218
326,20180226,Chicago,Brooklyn,-3,217.5
327,20180226,Memphis,Boston,-11.5,201.5
328,20180226,L.A. Lakers,Atlanta,-2.5,223.5
329,20180226,Golden State,New York,-12,230
330,20180226,Phoenix,New Orleans,-7,231
331,20180226,Orlando,Oklahoma City,-10.5,220.5
332,20180226,Indiana,Dallas,-2.5,210
333,20180226,Houston,Utah,-2.5,211
334,20180226,Minnesota,Sacramento,-6,215.5
335,20180225,Detroit,Charlotte,-4,214.5
336,20180225,New Orleans,Milwaukee,-4.5,221.5
337,20180225,San Antonio,Cleveland,-4.5,215.5
338,20180225,Houston,Denver,-4.5,228
339,20180225,Philadelphia,Washington,-1.5,211.5
340,20180224,Orlando,Philadelphia,-10,217
341,20180224,Boston,New York,-4.5,208
342,20180224,Memphis,Miami,-7,195
343,20180224,Oklahoma City,Golden State,-9.5,234.5
344,20180224,Dallas,Utah,-8,206
345,20180224,Portland,Phoenix,-6,220
346,20180224,Chicago,Minnesota,-8.5,219
347,20180224,L.A. Lakers,Sacramento,-1,220
348,20180223,Boston,Detroit,-1,204.5
349,20180223,Atlanta,Indiana,-8,211
350,20180223,Charlotte,Washington,-3.5,212.5
351,20180223,Milwaukee,Toronto,-8.5,215
352,20180223,Miami,New Orleans,-3,214
353,20180223,Cleveland,Memphis,-5.5,212
354,20180223,Minnesota,Houston,-7.5,226
355,20180223,San Antonio,Denver,-3.5,211
356,20180223,Portland,Utah,-3.5,206.5
357,20180223,L.A. Clippers,Phoenix,-4.5,224.5
358,20180223,Dallas,L.A. Lakers,-3.5,224
359,20180222,Brooklyn,Charlotte,-7.5,213.5
360,20180222,New York,Orlando,-3.5,211
361,20180222,Washington,Cleveland,-5,220
362,20180222,Philadelphia,Chicago,-5.5,215
363,20180222,Oklahoma City,Sacramento,-7.5,213
364,20180222,L.A. Clippers,Golden State,-11,233
365,20180218,Team LeBron,Team Stephen,-2,358.5
366,20180216,Team World,Team USA,-2,298
367,20180215,Denver,Milwaukee,-3,213
368,20180215,L.A. Lakers,Minnesota,-10,222.5
369,20180214,Atlanta,Detroit,-8.5,212
370,20180214,Miami,Philadelphia,-7,201
371,20180214,Charlotte,Orlando,-5,213.5
372,20180214,Indiana,Brooklyn,-4.5,215
373,20180214,Washington,New York,-5,206.5
374,20180214,Toronto,Chicago,-6.5,217
375,20180214,Sacramento,Houston,-15,216.5
376,20180214,L.A. Clippers,Boston,-4.5,208.5
377,20180214,L.A. Lakers,New Orleans,-5,226.5
378,20180214,Oklahoma City,Memphis,-4,207.5
379,20180214,Phoenix,Utah,-11.5,209.5
380,20180214,Golden State,Portland,-6.5,226
381,20180213,Miami,Toronto,-8,207.5
382,20180213,Atlanta,Milwaukee,-7.5,208
383,20180213,Houston,Minnesota,-2.5,222
384,20180213,Cleveland,Oklahoma City,-2,222
385,20180213,Sacramento,Dallas,-6.5,206
386,20180213,San Antonio,Denver,-7,208.5
387,20180212,New York,Philadelphia,-11.5,208
388,20180212,New Orleans,Detroit,-3,220
389,20180212,L.A. Clippers,Brooklyn,-4.5,218.5
390,20180212,Orlando,Chicago,-4,215
391,20180212,San Antonio,Utah,-4.5,196.5
392,20180212,Phoenix,Golden State,-15.5,232
393,20180211,Toronto,Charlotte,-3,215
394,20180211,Cleveland,Boston,-4.5,213
395,20180211,Detroit,Atlanta,-3.5,211
396,20180211,New York,Indiana,-10,208
397,20180211,Sacramento,Minnesota,-13,212
398,20180211,Memphis,Oklahoma City,-8,205.5
399,20180211,Dallas,Houston,-15,218.5
400,20180211,Utah,Portland,-3.5,204.5
401,20180210,New Orleans,Brooklyn,-1.5,220
402,20180210,Milwaukee,Orlando,-5,207
403,20180210,L.A. Clippers,Philadelphia,-2.5,u217
404,20180210,Washington,Chicago,-5,214
405,20180210,San Antonio,Golden State,-11,218
406,20180210,L.A. Lakers,Dallas,-2,215.5
407,20180210,Denver,Phoenix,-7,218.5
408,20180209,New Orleans,Philadelphia,-5.5,221.5
409,20180209,L.A. Clippers,Detroit,-3.5,217.5
410,20180209,Cleveland,Atlanta,-2,214.5
411,20180209,Indiana,Boston,-4,204.5
412,20180209,Milwaukee,Miami,-1,199.5
413,20180209,Denver,Houston,-8.5,222
414,20180209,Charlotte,Utah,-5.5,207.5
415,20180209,Minnesota,Chicago,-6.5,217
416,20180209,Portland,Sacramento,-6,208.5
417,20180208,Atlanta,Orlando,-1.5,214
418,20180208,New York,Toronto,-15,209
419,20180208,Boston,Washington,-1.5,206
420,20180208,Charlotte,Portland,-3,213.5
421,20180208,Oklahoma City,L.A. Lakers,-3,214.5
422,20180208,Dallas,Golden State,-13,219.5
423,20180207,Brooklyn,Detroit,-9,208
424,20180207,Houston,Miami,-4.5,211
425,20180207,Minnesota,Cleveland,-2.5,221.5
426,20180207,Utah,Memphis,-7.5,202.5
427,20180207,San Antonio,Phoenix,-8.5,208
428,20180207,Indiana,New Orleans,-3,217
429,20180206,Cleveland,Orlando,-7,221
430,20180206,Houston,Brooklyn,-10,218
431,20180206,Milwaukee,New York,-1.5,205
432,20180206,Memphis,Atlanta,-2,206
433,20180206,Boston,Toronto,-5,206.5
434,20180206,Washington,Philadelphia,-6,213.5
435,20180206,Phoenix,L.A. Lakers,-8,218
436,20180206,Oklahoma City,Golden State,-10,230.5
437,20180205,Portland,Detroit,-2,210.5
438,20180205,Washington,Indiana,-2,212.5
439,20180205,Orlando,Miami,-7,205.5
440,20180205,Utah,New Orleans,-2,213.5
441,20180205,Charlotte,Denver,-5.5,218.5
442,20180205,Chicago,Sacramento,-1.5,211
443,20180205,Dallas,L.A. Clippers,-6,212.5
444,20180204,Atlanta,New York,-5.5,212
445,20180204,Milwaukee,Brooklyn,-4.5,209
446,20180204,Memphis,Toronto,-12,208
447,20180204,Portland,Boston,-1.5,201
448,20180204,L.A. Lakers,Oklahoma City,-10,218.5
449,20180204,Charlotte,Phoenix,-6,219
450,20180203,Chicago,L.A. Clippers,-8,222
451,20180203,Washington,Orlando,-3.5,217.5
452,20180203,Philadelphia,Indiana,-1.5,211.5
453,20180203,Miami,Detroit,-2,197
454,20180203,Houston,Cleveland,-3.5,230.5
455,20180203,New Orleans,Minnesota,-8.5,220.5
456,20180203,Utah,San Antonio,-6,195
457,20180203,Golden State,Denver,-5,229.5
458,20180203,Dallas,Sacramento,-4.5,202.5
459,20180202,Indiana,Charlotte,-3.5,211
460,20180202,Atlanta,Boston,-9.5,o203.5
461,20180202,Portland,Toronto,-4.5,216
462,20180202,L.A. Lakers,Brooklyn,-1.5,217.5
463,20180202,Miami,Philadelphia,-4,203
464,20180202,New York,Milwaukee,-3,205.5
465,20180202,Utah,Phoenix,-5.5,210.5
466,20180202,New Orleans,Oklahoma City,-6,218
467,20180202,Golden State,Sacramento,-13,222.5
468,20180201,Toronto,Washington,-3,215
469,20180201,Memphis,Detroit,-8.5,203
470,20180201,Houston,San Antonio,0,211
471,20180201,Milwaukee,Minnesota,-5.5,213
472,20180201,Oklahoma City,Denver,-1,212.5
473,20180131,Memphis,Indiana,-6.5,205
474,20180131,L.A. Lakers,Orlando,-2,o216.5
475,20180131,Philadelphia,Brooklyn,-6.5,211
476,20180131,Miami,Cleveland,-3,213
477,20180131,Charlotte,Atlanta,-2.5,211.5
478,20180131,New York,Boston,-9,208
479,20180131,Chicago,Portland,-7.5,214
480,20180131,Dallas,Phoenix,-4.5,o208.5
481,20180130,Oklahoma City,Washington,-3.5,219.5
482,20180130,Brooklyn,New York,-5,216
483,20180130,Minnesota,Toronto,-6,218
484,20180130,Cleveland,Detroit,-2,218.5
485,20180130,Orlando,Houston,-12.5,222
486,20180130,Sacramento,New Orleans,-7.5,214
487,20180130,Denver,San Antonio,-6.5,201
488,20180130,Golden State,Utah,-7,218
489,20180130,Portland,L.A. Clippers,-7,218
490,20180129,Charlotte,Indiana,-2.5,215
491,20180129,Minnesota,Atlanta,-6.5,215.5
492,20180129,Phoenix,Memphis,-8,207
493,20180129,Philadelphia,Milwaukee,-3,211
494,20180129,Miami,Dallas,-1,196
495,20180129,Boston,Denver,-1,203.5
496,20180128,Phoenix,Houston,-14,227
497,20180128,Milwaukee,Chicago,-2,215
498,20180128,L.A. Clippers,New Orleans,-1,227.5
499,20180128,L.A. Lakers,Toronto,-9.5,217.5
500,20180128,Detroit,Cleveland,-8,215.5
501,20180128,Philadelphia,Oklahoma City,-4,213
502,20180128,Sacramento,San Antonio,-10.5,193
503,20180127,Oklahoma City,Detroit,-3.5,207.5
504,20180127,Orlando,Indiana,-6,213.5
505,20180127,Washington,Atlanta,-5.5,212
506,20180127,Charlotte,Miami,-4.5,203
507,20180127,Boston,Golden State,-9.5,222.5
508,20180127,Brooklyn,Minnesota,-9.5,216.5
509,20180127,Dallas,Denver,-7.5,208
510,20180126,Atlanta,Charlotte,-6.5,209.5
511,20180126,Indiana,Cleveland,-5,222
512,20180126,Utah,Toronto,-7.5,207.5
513,20180126,Houston,New Orleans,-3,228.5
514,20180126,Brooklyn,Milwaukee,-6.5,213
515,20180126,L.A. Clippers,Memphis,-3,o213
516,20180126,L.A. Lakers,Chicago,-4,220
517,20180126,Philadelphia,San Antonio,-3.5,203.5
518,20180126,Portland,Dallas,-1,208.5
519,20180126,New York,Phoenix,-2.5,220
520,20180125,Sacramento,Miami,-10.5,200.5
521,20180125,Washington,Oklahoma City,-5.5,213.5
522,20180125,New York,Denver,-4.5,214
523,20180125,Minnesota,Golden State,-12.5,227
524,20180124,Chicago,Philadelphia,-5,218
525,20180124,New Orleans,Charlotte,-1.5,222.5
526,20180124,Utah,Detroit,-2,201
527,20180124,Phoenix,Indiana,-7.5,216.5
528,20180124,Toronto,Atlanta,-6,215.5
529,20180124,San Antonio,Memphis,0,192
530,20180124,Houston,Dallas,-6,217
531,20180124,Minnesota,Portland,-2,216.5
532,20180124,Boston,L.A. Clippers,-1,214.5
533,20180123,Sacramento,Orlando,-6,213
534,20180123,Cleveland,San Antonio,-2,207.5
535,20180123,Brooklyn,Oklahoma City,-10,213.5
536,20180123,New York,Golden State,-14,226.5
537,20180123,Boston,L.A. Lakers,-4.5,207
538,20180122,Sacramento,Charlotte,-9,209
539,20180122,Utah,Atlanta,-2.5,205
540,20180122,Chicago,New Orleans,-6,224.5
541,20180122,Miami,Houston,-10.5,216
542,20180122,Philadelphia,Memphis,-2.5,207.5
543,20180122,Phoenix,Milwaukee,-4.5,213.5
544,20180122,Washington,Dallas,-1.5,214
545,20180122,Portland,Denver,-3,212
546,20180122,Minnesota,L.A. Clippers,-3,220
547,20180121,Orlando,Boston,-10.5,208
548,20180121,New York,L.A. Lakers,-1.5,213.5
549,20180121,Brooklyn,Detroit,-6,207.5
550,20180121,Indiana,San Antonio,-5.5,199.5
551,20180120,Oklahoma City,Cleveland,-4,221.5
552,20180120,Chicago,Atlanta,-2,215
553,20180120,Memphis,New Orleans,-9,212
554,20180120,Miami,Charlotte,-4.5,205
555,20180120,Milwaukee,Philadelphia,-6.5,214
556,20180120,Golden State,Houston,-4.5,234.5
557,20180120,L.A. Clippers,Utah,-2,210.5
558,20180120,Toronto,Minnesota,-3,215.5
559,20180120,Dallas,Portland,-5,209.5
560,20180119,San Antonio,Toronto,-5.5,208
561,20180119,Miami,Brooklyn,-3.5,206.5
562,20180119,Washington,Detroit,-1,208.5
563,20180119,Sacramento,Memphis,-6,202
564,20180119,Phoenix,Denver,-9,218
565,20180119,New York,Utah,-4,204.5
566,20180119,Indiana,L.A. Lakers,-3,214
567,20180118,Orlando,Cleveland,-11,226
568,20180118,Philadelphia,Boston,-4,211
569,20180118,Minnesota,Houston,-5,222.5
570,20180118,Indiana,Portland,-3.5,213.5
571,20180117,Washington,Charlotte,-1.5,212.5
572,20180117,Detroit,Toronto,-8.5,213.5
573,20180117,San Antonio,Brooklyn,-7,206
574,20180117,New Orleans,Atlanta,-3,220
575,20180117,Miami,Milwaukee,-4.5,203
576,20180117,New York,Memphis,-2,203
577,20180117,Golden State,Chicago,-9,230
578,20180117,L.A. Lakers,Oklahoma City,-9.5,212.5
579,20180117,Utah,Sacramento,-4,202.5
580,20180117,Denver,L.A. Clippers,-4,219.5
581,20180116,Minnesota,Orlando,-8,217.5
582,20180116,New Orleans,Boston,-4.5,214
583,20180116,Dallas,Denver,-5.5,211
584,20180116,Phoenix,Portland,-10.5,219
585,20180115,Charlotte,Detroit,-3,205
586,20180115,Toronto,Philadelphia,0,217.5
587,20180115,Milwaukee,Washington,-5,214
588,20180115,San Antonio,Atlanta,-7.5,206
589,20180115,New York,Brooklyn,-2,209
590,20180115,Miami,Chicago,-1,207
591,20180115,L.A. Lakers,Memphis,-2,204
592,20180115,Golden State,Cleveland,-4.5,230.5
593,20180115,Sacramento,Oklahoma City,-11.5,210
594,20180115,Indiana,Utah,-4,205.5
595,20180115,Houston,L.A. Clippers,-3,229
596,20180114,Milwaukee,Miami,-2,205
597,20180114,New Orleans,New York,-1.5,217
598,20180114,Indiana,Phoenix,-4.5,218
599,20180114,Portland,Minnesota,-5.5,212.5
600,20180113,L.A. Lakers,Dallas,-4.5,215.5
601,20180113,Sacramento,L.A. Clippers,-7.5,215.5
602,20180113,Oklahoma City,Charlotte,-1.5,211
603,20180113,Brooklyn,Washington,-9.5,215.5
604,20180113,Golden State,Toronto,-3.5,224.5
605,20180113,Detroit,Chicago,-1,207.5
606,20180113,Denver,San Antonio,-7.5,206.5
607,20180112,Cleveland,Indiana,-1.5,223
608,20180112,Utah,Charlotte,-4,207.5
609,20180112,Orlando,Washington,-10.5,218
610,20180112,Brooklyn,Atlanta,-3.5,211
611,20180112,New York,Minnesota,-9,209
612,20180112,Portland,New Orleans,-2.5,217.5
613,20180112,Golden State,Milwaukee,-4.5,222
614,20180112,Memphis,Denver,-7.5,207.5
615,20180112,Houston,Phoenix,-7.5,227.5
616,20180111,Boston,Philadelphia,-2,u208
617,20180111,Cleveland,Toronto,-2,218.5
618,20180111,L.A. Clippers,Sacramento,-1.5,209
619,20180111,San Antonio,L.A. Lakers,-2.5,209.5
620,20180110,Miami,Indiana,-4.5,207
621,20180110,Utah,Washington,-7,205.5
622,20180110,Dallas,Charlotte,-6.5,208
623,20180110,Detroit,Brooklyn,-2,204.5
624,20180110,Chicago,New York,-3.5,o208
625,20180110,Orlando,Milwaukee,-10.5,218
626,20180110,New Orleans,Memphis,-1,210
627,20180110,Portland,Houston,-9,214
628,20180110,Oklahoma City,Minnesota,-4,211
629,20180110,Atlanta,Denver,-9.5,216
630,20180110,L.A. Clippers,Golden State,-16.5,227
631,20180109,Miami,Toronto,-5,208
632,20180109,Portland,Oklahoma City,-8.5,206
633,20180109,Orlando,Dallas,-6.5,213.5
634,20180109,Sacramento,L.A. Lakers,-6.5,211.5
635,20180108,Milwaukee,Indiana,-1.5,214
636,20180108,Toronto,Brooklyn,-7.5,217
637,20180108,Cleveland,Minnesota,-1,219
638,20180108,Houston,Chicago,-5,222
639,20180108,Detroit,New Orleans,-7,213
640,20180108,San Antonio,Sacramento,-5.5,198.5
641,20180108,Atlanta,L.A. Clippers,-4,212.5
642,20180108,Denver,Golden State,-9.5,225
643,20180107,Utah,Miami,-4.5,197.5
644,20180107,New York,Dallas,-4.5,207
645,20180107,Oklahoma City,Phoenix,-8.5,218
646,20180107,San Antonio,Portland,-1.5,199
647,20180107,Atlanta,L.A. Lakers,-2.5,217.5
648,20180106,Golden State,L.A. Clippers,-7,226
649,20180106,Boston,Brooklyn,-5,207
650,20180106,Chicago,Indiana,-4.5,214.5
651,20180106,Cleveland,Orlando,-9,222
652,20180106,Houston,Detroit,-4.5,o213
653,20180106,Milwaukee,Washington,-4,216
654,20180106,New Orleans,Minnesota,-1.5,217
655,20180106,Denver,Sacramento,-4,209
656,20180105,Detroit,Philadelphia,-6,209.5
657,20180105,Minnesota,Boston,-4,206
658,20180105,New York,Miami,-5.5,201
659,20180105,Toronto,Milwaukee,-1,216.5
660,20180105,Chicago,Dallas,-4.5,213.5
661,20180105,Phoenix,San Antonio,-12,210
662,20180105,Utah,Denver,-6.5,207.5
663,20180105,Washington,Memphis,-4.5,207.5
664,20180105,Atlanta,Portland,-7,208
665,20180105,Charlotte,L.A. Lakers,-2.5,216
666,20180104,Golden State,Houston,-4,228
667,20180104,Oklahoma City,L.A. Clippers,-1,214.5
668,20180103,New York,Washington,-8.5,210.5
669,20180103,San Antonio,Philadelphia,-3,209.5
670,20180103,Houston,Orlando,-7.5,220
671,20180103,Minnesota,Brooklyn,-6,214.5
672,20180103,Detroit,Miami,-3,195.5
673,20180103,Indiana,Milwaukee,-8,209
674,20180103,Toronto,Chicago,-5,216
675,20180103,Cleveland,Boston,-2.5,213
676,20180103,Golden State,Dallas,-7,215
677,20180103,Phoenix,Denver,-11,218
678,20180103,New Orleans,Utah,-1.5,209.5
679,20180103,Oklahoma City,L.A. Lakers,-6.5,213.5
680,20180102,Portland,Cleveland,-8,212
681,20180102,San Antonio,New York,-4,199.5
682,20180102,Atlanta,Phoenix,-1.5,218
683,20180102,Charlotte,Sacramento,-3.5,206.5
684,20180102,Memphis,L.A. Clippers,-5,204.5
685,20180101,Orlando,Brooklyn,-1,217
686,20180101,Milwaukee,Toronto,-6,215
687,20180101,L.A. Lakers,Minnesota,-10,218
688,20180101,Portland,Chicago,-1,207.5
689,20171231,Chicago,Washington,-7.5,213
690,20171231,Minnesota,Indiana,-2.5,209.5
691,20171231,Brooklyn,Boston,-10,210
692,20171231,Dallas,Oklahoma City,-6.5,203.5
693,20171231,Memphis,Sacramento,-3,194
694,20171231,L.A. Lakers,Houston,-14.5,227
695,20171231,Charlotte,L.A. Clippers,-2.5,213.5
696,20171231,Philadelphia,Phoenix,-2.5,221
697,20171230,New York,New Orleans,-5.5,215
698,20171230,Miami,Orlando,-1,205
699,20171230,San Antonio,Detroit,-5,195.5
700,20171230,Portland,Atlanta,-3.5,206.5
701,20171230,Cleveland,Utah,-3.5,207.5
702,20171230,Memphis,Golden State,-13,214
703,20171230,Philadelphia,Denver,-7.5,214
704,20171229,Houston,Washington,-1,220.5
705,20171229,Atlanta,Toronto,-11,215
706,20171229,Indiana,Chicago,-3,209
707,20171229,Milwaukee,Oklahoma City,-8,210.5
708,20171229,Dallas,New Orleans,-6,211
709,20171229,Brooklyn,Miami,-7,206
710,20171229,Phoenix,Sacramento,-1,209
711,20171229,L.A. Clippers,L.A. Lakers,-3.5,214.5
712,20171229,Charlotte,Golden State,-11,212.5
713,20171228,Detroit,Orlando,-5.5,201.5
714,20171228,Houston,Boston,-2.5,215.5
715,20171228,Minnesota,Milwaukee,-2.5,213.5
716,20171228,New York,San Antonio,-11,201
717,20171228,Philadelphia,Portland,-2.5,208
718,20171227,Boston,Charlotte,-1,206
719,20171227,Dallas,Indiana,-5.5,206.5
720,20171227,Washington,Atlanta,-5.5,212.5
721,20171227,Brooklyn,New Orleans,-10,220.5
722,20171227,New York,Chicago,0,207
723,20171227,Toronto,Oklahoma City,-3,211
724,20171227,Denver,Minnesota,-5.5,214.5
725,20171227,Cleveland,Sacramento,-9.5,207.5
726,20171227,Memphis,L.A. Lakers,-2.5,198.5
727,20171227,Utah,Golden State,-12,205.5
728,20171226,Toronto,Dallas,-5.5,207
729,20171226,Indiana,Detroit,-2,208.5
730,20171226,Orlando,Miami,-6.5,206.5
731,20171226,Chicago,Milwaukee,-6.5,211
732,20171226,Brooklyn,San Antonio,-12,208.5
733,20171226,Utah,Denver,-6,205.5
734,20171226,Memphis,Phoenix,0,206
735,20171226,Sacramento,L.A. Clippers,-5,204.5
736,20171225,Philadelphia,New York,-2,212
737,20171225,Cleveland,Golden State,-5,221
738,20171225,Washington,Boston,-4.5,204
739,20171225,Houston,Oklahoma City,-3.5,216.5
740,20171225,Minnesota,L.A. Lakers,-4.5,214
741,20171223,Philadelphia,Toronto,-8.5,219
742,20171223,Orlando,Washington,-11.5,208.5
743,20171223,Brooklyn,Indiana,-10.5,215
744,20171223,Milwaukee,Charlotte,-1.5,210.5
745,20171223,Chicago,Boston,-7,205.5
746,20171223,Dallas,Atlanta,-2.5,203
747,20171223,New Orleans,Miami,-5.5,209.5
748,20171223,L.A. Clippers,Memphis,-4.5,196.5
749,20171223,Oklahoma City,Utah,0,198
750,20171223,Denver,Golden State,-10,219.5
751,20171223,Minnesota,Phoenix,-7.5,216.5
752,20171223,Portland,L.A. Lakers,-3,204
753,20171223,San Antonio,Sacramento,-7.5,196
754,20171222,New York,Detroit,-6,201
755,20171222,New Orleans,Orlando,-4,220
756,20171222,Washington,Brooklyn,-5,211
757,20171222,Dallas,Miami,0,195.5
758,20171222,Atlanta,Oklahoma City,-10.5,205
759,20171222,L.A. Clippers,Houston,-11.5,218
760,20171222,Charlotte,Milwaukee,-4.5,210
761,20171222,Denver,Portland,-1,204
762,20171222,L.A. Lakers,Golden State,-10,216.5
763,20171221,Toronto,Philadelphia,-3.5,217
764,20171221,Chicago,Cleveland,-11.5,213
765,20171221,Boston,New York,-2.5,202
766,20171221,Memphis,Phoenix,0,204
767,20171221,San Antonio,Utah,-3,198
768,20171220,Toronto,Charlotte,-1,212
769,20171220,Sacramento,Brooklyn,-5.5,207
770,20171220,Indiana,Atlanta,-4.5,213.5
771,20171220,Miami,Boston,-8,200.5
772,20171220,Utah,Oklahoma City,-7.5,202
773,20171220,L.A. Lakers,Houston,-14,225
774,20171220,Orlando,Chicago,-5,210
775,20171220,Detroit,Dallas,-2,u210.5
776,20171220,Minnesota,Denver,-2.5,216
777,20171220,San Antonio,Portland,-1,199.5
778,20171220,Memphis,Golden State,-10.5,207
779,20171220,Phoenix,L.A. Clippers,-4,211
780,20171219,New Orleans,Washington,-4.5,217.5
781,20171219,Sacramento,Philadelphia,-9,207
782,20171219,Cleveland,Milwaukee,-1,217
783,20171218,New York,Charlotte,-6.5,203
784,20171218,Boston,Indiana,-1.5,206.5
785,20171218,Miami,Atlanta,-2.5,202.5
786,20171218,Philadelphia,Chicago,-1.5,209.5
787,20171218,Denver,Oklahoma City,-4,207.5
788,20171218,Utah,Houston,-12,213.5
789,20171218,Portland,Minnesota,-2.5,206
790,20171218,Phoenix,Dallas,-6,208
791,20171218,L.A. Clippers,San Antonio,-11.5,203
792,20171218,Golden State,L.A. Lakers,-6.5,219.5
793,20171217,Sacramento,Toronto,-12.5,207
794,20171217,Orlando,Detroit,-10.5,201
795,20171217,Indiana,Brooklyn,-3,217
796,20171217,Cleveland,Washington,-1.5,213
797,20171216,Portland,Charlotte,-3,204.5
798,20171216,Utah,Cleveland,-8.5,210
799,20171216,Oklahoma City,New York,-2.5,203
800,20171216,L.A. Clippers,Miami,-6,205.5
801,20171216,Phoenix,Minnesota,-11.5,218.5
802,20171216,Milwaukee,Houston,-10.5,219.5
803,20171216,Dallas,San Antonio,-8.5,197
804,20171216,Boston,Memphis,-5,194.5
805,20171215,Detroit,Indiana,-4.5,208.5
806,20171215,Miami,Charlotte,-5,204.5
807,20171215,L.A. Clippers,Washington,-9.5,210
808,20171215,Portland,Orlando,-3.5,209.5
809,20171215,Oklahoma City,Philadelphia,-2,211.5
810,20171215,Utah,Boston,-5.5,198
811,20171215,Brooklyn,Toronto,-11,217.5
812,20171215,Chicago,Milwaukee,-8,205
813,20171215,Atlanta,Memphis,-6.5,200.5
814,20171215,New Orleans,Denver,-1,224.5
815,20171215,San Antonio,Houston,-7.5,213.5
816,20171214,Detroit,Atlanta,-4,207
817,20171214,New York,Brooklyn,0,214
818,20171214,L.A. Lakers,Cleveland,-10,219
819,20171214,Sacramento,Minnesota,-10,204
820,20171214,Dallas,Golden State,-12,210.5
821,20171213,L.A. Clippers,Orlando,-1.5,212.5
822,20171213,Memphis,Washington,-7,200
823,20171213,Oklahoma City,Indiana,-1.5,213
824,20171213,Denver,Boston,-7.5,207.5
825,20171213,Portland,Miami,-2.5,201
826,20171213,Utah,Chicago,-4,197
827,20171213,Milwaukee,New Orleans,-2,218
828,20171213,Toronto,Phoenix,-10.5,217
829,20171213,Charlotte,Houston,-12.5,220
830,20171212,Atlanta,Cleveland,-11,219.5
831,20171212,Denver,Detroit,-7,208.5
832,20171212,L.A. Lakers,New York,-3.5,212.5
833,20171212,Washington,Brooklyn,-3,212
834,20171212,San Antonio,Dallas,-6,198.5
835,20171212,Philadelphia,Minnesota,-6.5,216.5
836,20171212,Phoenix,Sacramento,-4,209
837,20171211,Boston,Chicago,-7.5,200.5
838,20171211,Miami,Memphis,-1.5,195
839,20171211,New Orleans,Houston,-12,226.5
840,20171211,Charlotte,Oklahoma City,-6,205
841,20171211,Portland,Golden State,-11.5,214
842,20171211,Toronto,L.A. Clippers,-5.5,214
843,20171210,Toronto,Sacramento,-7,206
844,20171210,Boston,Detroit,-1,202
845,20171210,Denver,Indiana,-6.5,219
846,20171210,Dallas,Minnesota,-8,207
847,20171210,Philadelphia,New Orleans,-4.5,223.5
848,20171210,Atlanta,New York,-6,205
849,20171209,Washington,L.A. Clippers,-2.5,207.5
850,20171209,Miami,Brooklyn,-2,212.5
851,20171209,L.A. Lakers,Charlotte,-5.5,213.5
852,20171209,Orlando,Atlanta,-2,212.5
853,20171209,Philadelphia,Cleveland,-5,218
854,20171209,New York,Chicago,-4,199
855,20171209,Utah,Milwaukee,-3,199
856,20171209,San Antonio,Phoenix,-8.5,205
857,20171209,Oklahoma City,Memphis,-5,196.5
858,20171209,Houston,Portland,-9,212.5
859,20171208,Chicago,Charlotte,-11,202
860,20171208,Cleveland,Indiana,-2,220.5
861,20171208,Denver,Orlando,-1,218
862,20171208,Golden State,Detroit,-5.5,212
863,20171208,Sacramento,New Orleans,-7.5,211
864,20171208,Dallas,Milwaukee,-5,202
865,20171208,Toronto,Memphis,-5,201
866,20171208,Boston,San Antonio,-1,197
867,20171207,L.A. Lakers,Philadelphia,-8,221
868,20171207,Washington,Phoenix,-7.5,215.5
869,20171207,Oklahoma City,Brooklyn,-7.5,215
870,20171207,Houston,Utah,-5,208
871,20171206,Atlanta,Orlando,-6,217
872,20171206,Chicago,Indiana,-9.5,209
873,20171206,Sacramento,Cleveland,-12.5,210.5
874,20171206,Memphis,New York,-2.5,197
875,20171206,Dallas,Boston,-9,202.5
876,20171206,Denver,New Orleans,-4,218.5
877,20171206,Golden State,Charlotte,-5,219.5
878,20171206,Detroit,Milwaukee,-3,205
879,20171206,Miami,San Antonio,-7.5,197.5
880,20171206,Minnesota,L.A. Clippers,-5.5,213.5
881,20171205,Phoenix,Toronto,-13.5,224.5
882,20171205,Utah,Oklahoma City,-7,198
883,20171205,Washington,Portland,-5.5,203
884,20171204,New York,Indiana,-9.5,210
885,20171204,Orlando,Charlotte,-8,220
886,20171204,Phoenix,Philadelphia,-10.5,227.5
887,20171204,Milwaukee,Boston,-6,204
888,20171204,Brooklyn,Atlanta,-2,217.5
889,20171204,Cleveland,Chicago,-9,211.5
890,20171204,Minnesota,Memphis,-2,203.5
891,20171204,Golden State,New Orleans,-9.5,226.5
892,20171204,Denver,Dallas,-2.5,210
893,20171204,Detroit,San Antonio,-3.5,198
894,20171204,Washington,Utah,-3,203.5
895,20171203,Orlando,New York,-1.5,212.5
896,20171203,Golden State,Miami,-10.5,219
897,20171203,L.A. Clippers,Minnesota,-11.5,213.5
898,20171203,San Antonio,Oklahoma City,-4.5,199.5
899,20171203,Houston,L.A. Lakers,-11,225
900,20171202,Phoenix,Boston,-13,214
901,20171202,L.A. Clippers,Dallas,-5,207
902,20171202,Atlanta,Brooklyn,-4,219
903,20171202,Detroit,Philadelphia,-5,214.5
904,20171202,Memphis,Cleveland,-11.5,208
905,20171202,Sacramento,Milwaukee,-11.5,197
906,20171202,L.A. Lakers,Denver,-5.5,223.5
907,20171202,New Orleans,Portland,-4,208
908,20171201,Detroit,Washington,-1,206
909,20171201,Golden State,Orlando,-11,227.5
910,20171201,Indiana,Toronto,-6.5,215.5
911,20171201,Minnesota,Oklahoma City,-4.5,211
912,20171201,San Antonio,Memphis,-4,193.5
913,20171201,Sacramento,Chicago,-1.5,193
914,20171201,Charlotte,Miami,-2,202
915,20171201,New Orleans,Utah,-2.5,207.5
916,20171130,Philadelphia,Boston,-9,210
917,20171130,Cleveland,Atlanta,-7.5,215.5
918,20171130,Chicago,Denver,-12,208.5
919,20171130,Milwaukee,Portland,-2,200.5
920,20171130,Utah,L.A. Clippers,-1,200.5
921,20171129,Washington,Philadelphia,-5,213
922,20171129,Phoenix,Detroit,-12,218
923,20171129,Oklahoma City,Orlando,-6,212.5
924,20171129,Charlotte,Toronto,-8,206
925,20171129,Miami,New York,-1,201
926,20171129,Indiana,Houston,-12,224.5
927,20171129,Minnesota,New Orleans,-5,217.5
928,20171129,Memphis,San Antonio,-8,195.5
929,20171129,Brooklyn,Dallas,-4.5,213
930,20171129,Golden State,L.A. Lakers,-10,225
931,20171128,Miami,Cleveland,-3.5,210
932,20171128,Washington,Minnesota,-5.5,212
933,20171128,Phoenix,Chicago,0,213
934,20171128,Denver,Utah,-1.5,207.5
935,20171128,Milwaukee,Sacramento,-7,198.5
936,20171127,Orlando,Indiana,-4,219.5
937,20171127,Cleveland,Philadelphia,-2,225
938,20171127,Portland,New York,-1.5,202
939,20171127,Detroit,Boston,-6.5,198.5
940,20171127,Brooklyn,Houston,-16,228.5
941,20171127,Dallas,San Antonio,-9.5,195
942,20171127,Sacramento,Golden State,-14.5,210
943,20171127,L.A. Lakers,L.A. Clippers,-4.5,215
944,20171126,Miami,Chicago,-6.5,196
945,20171126,Phoenix,Minnesota,-11.5,227
946,20171126,Brooklyn,Memphis,-5.5,212
947,20171125,Orlando,Philadelphia,-4,220
948,20171125,San Antonio,Charlotte,-1,202
949,20171125,Portland,Washington,-3.5,201.5
950,20171125,Toronto,Atlanta,-7,211.5
951,20171125,Boston,Indiana,-2,207
952,20171125,New York,Houston,-13,218.5
953,20171125,New Orleans,Golden State,-13,229.5
954,20171125,Oklahoma City,Dallas,-6,200
955,20171125,Milwaukee,Utah,-1.5,199.5
956,20171125,L.A. Clippers,Sacramento,-4.5,205
957,20171124,Portland,Brooklyn,-3.5,210
958,20171124,New York,Atlanta,-2,209.5
959,20171124,Orlando,Boston,-8.5,208
960,20171124,Detroit,Oklahoma City,-8,204
961,20171124,Miami,Minnesota,-4,207.5
962,20171124,Toronto,Indiana,0,216.5
963,20171124,Charlotte,Cleveland,-5.5,220.5
964,20171124,Memphis,Denver,-6,208.5
965,20171124,New Orleans,Phoenix,-6,230
966,20171124,Chicago,Golden State,-19.5,215
967,20171122,Washington,Charlotte,-2.5,210.5
968,20171122,Brooklyn,Cleveland,-11,228
969,20171122,Portland,Philadelphia,-3,211
970,20171122,L.A. Clippers,Atlanta,-3,210.5
971,20171122,Toronto,New York,-4,212
972,20171122,Boston,Miami,-3,196
973,20171122,Orlando,Minnesota,-7,215
974,20171122,Golden State,Oklahoma City,-4.5,224
975,20171122,Denver,Houston,-9.5,228
976,20171122,Dallas,Memphis,-5.5,197.5
977,20171122,San Antonio,New Orleans,-2,208
978,20171122,Chicago,Utah,-8.5,196.5
979,20171122,Milwaukee,Phoenix,-5,221
980,20171122,L.A. Lakers,Sacramento,-1,229
981,20171121,Chicago,L.A. Lakers,-5.5,210.5
982,20171120,Utah,Philadelphia,-7,213
983,20171120,Cleveland,Detroit,-2.5,215.5
984,20171120,Minnesota,Charlotte,-1.5,214
985,20171120,Indiana,Orlando,-3.5,222.5
986,20171120,L.A. Clippers,New York,-1.5,211
987,20171120,Portland,Memphis,-1,193
988,20171120,Washington,Milwaukee,-5,208
989,20171120,Oklahoma City,New Orleans,-2.5,214.5
990,20171120,Atlanta,San Antonio,-9,204.5
991,20171120,Boston,Dallas,-8,196.5
992,20171120,Denver,Sacramento,-7.5,208
993,20171119,Washington,Toronto,-5.5,213.5
994,20171119,Indiana,Miami,-3,207
995,20171119,Golden State,Brooklyn,-13,234
996,20171119,Detroit,Minnesota,-5,208.5
997,20171119,Chicago,Phoenix,-2.5,214
998,20171119,Denver,L.A. Lakers,-5,220
999,20171118,L.A. Clippers,Charlotte,-4.5,212
1000,20171118,Utah,Orlando,-6.5,211.5
1001,20171118,Golden State,Philadelphia,-8.5,232.5
1002,20171118,Boston,Atlanta,-6.5,203.5
1003,20171118,Houston,Memphis,-6,212
1004,20171118,Milwaukee,Dallas,-7.5,205
1005,20171118,Sacramento,Portland,-11.5,199
1006,20171117,Detroit,Indiana,-1.5,211.5
1007,20171117,Miami,Washington,-4.5,208.5
1008,20171117,New York,Toronto,-7.5,218
1009,20171117,L.A. Clippers,Cleveland,-6.5,224
1010,20171117,Utah,Brooklyn,-1.5,211.5
1011,20171117,Oklahoma City,San Antonio,0,198.5
1012,20171117,Charlotte,Chicago,-7,196.5
1013,20171117,Minnesota,Dallas,-7.5,211
1014,20171117,Portland,Sacramento,-8,197.5
1015,20171117,New Orleans,Denver,-4,216
1016,20171117,Phoenix,L.A. Lakers,-6,225.5
1017,20171116,Golden State,Boston,-6.5,215
1018,20171116,Houston,Phoenix,-11.5,229
1019,20171115,Washington,Miami,-1.5,210.5
1020,20171115,Utah,New York,-4,205
1021,20171115,Sacramento,Atlanta,-3.5,205
1022,20171115,San Antonio,Minnesota,-5,209.5
1023,20171115,Cleveland,Charlotte,-1.5,217.5
1024,20171115,Toronto,New Orleans,-3.5,218.5
1025,20171115,Chicago,Oklahoma City,-12,202.5
1026,20171115,Indiana,Memphis,-4.5,209
1027,20171115,Detroit,Milwaukee,-4,208
1028,20171115,Orlando,Portland,-5.5,211
1029,20171115,Philadelphia,L.A. Lakers,-2.5,219.5
1030,20171114,Boston,Brooklyn,-7.5,210
1031,20171114,Toronto,Houston,-6,220.5
1032,20171114,San Antonio,Dallas,-6.5,200.5
1033,20171113,Sacramento,Washington,-11.5,208
1034,20171113,Cleveland,New York,-3.5,220.5
1035,20171113,Memphis,Milwaukee,-3,201.5
1036,20171113,Atlanta,New Orleans,-9.5,216
1037,20171113,Minnesota,Utah,-3.5,207.5
1038,20171113,L.A. Lakers,Phoenix,-1,227.5
1039,20171113,Denver,Portland,-2,211.5
1040,20171113,Philadelphia,L.A. Clippers,-2,219.5
1041,20171113,Orlando,Golden State,-14.5,232
1042,20171112,Toronto,Boston,-2.5,200.5
1043,20171112,Miami,Detroit,-3,202.5
1044,20171112,Houston,Indiana,-2.5,220.5
1045,20171112,Dallas,Oklahoma City,-12,208
1046,20171111,Atlanta,Washington,-11,222
1047,20171111,L.A. Clippers,New Orleans,-5.5,213.5
1048,20171111,Memphis,Houston,-5.5,207
1049,20171111,Sacramento,New York,-4.5,203
1050,20171111,Cleveland,Dallas,-5.5,219.5
1051,20171111,L.A. Lakers,Milwaukee,-5,214
1052,20171111,Philadelphia,Golden State,-14,230
1053,20171111,Chicago,San Antonio,-12,194
1054,20171111,Orlando,Denver,-8,222
1055,20171111,Brooklyn,Utah,-9,210
1056,20171111,Minnesota,Phoenix,-9.5,227
1057,20171110,Atlanta,Detroit,-8.5,208.5
1058,20171110,Charlotte,Boston,-4,203.5
1059,20171110,Indiana,Chicago,-4,206.5
1060,20171110,Milwaukee,San Antonio,-4.5,206.5
1061,20171110,Orlando,Phoenix,-3,225
1062,20171110,Miami,Utah,-3,196
1063,20171110,L.A. Clippers,Oklahoma City,-6,208
1064,20171110,Brooklyn,Portland,-8.5,223
1065,20171109,L.A. Lakers,Washington,-10,221
1066,20171109,New Orleans,Toronto,-4.5,215.5
1067,20171109,Cleveland,Houston,-5.5,228
1068,20171109,Philadelphia,Sacramento,-6.5,205
1069,20171109,Oklahoma City,Denver,0,215.5
1070,20171108,New York,Orlando,-5,213.5
1071,20171108,Indiana,Detroit,-6.5,210.5
1072,20171108,L.A. Lakers,Boston,-9,208
1073,20171108,Miami,Phoenix,-5.5,213
1074,20171108,Minnesota,Golden State,-10.5,229
1075,20171107,Milwaukee,Cleveland,-4,220
1076,20171107,Dallas,Washington,-11,213.5
1077,20171107,New Orleans,Indiana,-1,218.5
1078,20171107,Chicago,Toronto,-11,200.5
1079,20171107,Charlotte,New York,-1,209.5
1080,20171107,L.A. Clippers,San Antonio,-3,201
1081,20171107,Philadelphia,Utah,-7,204
1082,20171107,Brooklyn,Denver,-11.5,233
1083,20171107,Memphis,Portland,-3.5,204
1084,20171107,Oklahoma City,Sacramento,-11,206.5
1085,20171106,Boston,Atlanta,-8,206
1086,20171106,Brooklyn,Phoenix,-1,236.5
1087,20171106,Miami,Golden State,-16.5,225
1088,20171105,Atlanta,Cleveland,-13.5,218
1089,20171105,Miami,L.A. Clippers,-58.5,209.5
1090,20171105,Washington,Toronto,-5,218
1091,20171105,Boston,Orlando,-3,205.5
1092,20171105,Utah,Houston,-7,200
1093,20171105,Phoenix,San Antonio,-10.5,213
1094,20171105,Indiana,New York,-2,216.5
1095,20171105,Charlotte,Minnesota,-5,216.5
1096,20171105,Oklahoma City,Portland,-3,206.5
1097,20171105,Memphis,L.A. Lakers,-1.5,206.5
1098,20171104,Memphis,L.A. Clippers,-5.5,199
1099,20171104,Sacramento,Detroit,-8.5,197
1100,20171104,New Orleans,Chicago,-7,203
1101,20171104,Dallas,Minnesota,-12.5,215
1102,20171104,Golden State,Denver,-7.5,229
1103,20171103,Cleveland,Washington,-3.5,220
1104,20171103,Chicago,Orlando,-8,205
1105,20171103,Milwaukee,Detroit,-2,205
1106,20171103,Indiana,Philadelphia,-6,220
1107,20171103,Houston,Atlanta,-8,213.5
1108,20171103,Phoenix,New York,-4,222.5
1109,20171103,Charlotte,San Antonio,-3,198.5
1110,20171103,New Orleans,Dallas,-4.5,213
1111,20171103,Toronto,Utah,-1,196
1112,20171103,Miami,Denver,-5,214
1113,20171103,Boston,Oklahoma City,-5.5,205
1114,20171103,Brooklyn,L.A. Lakers,-2,224
1115,20171102,Golden State,San Antonio,-6.5,218.5
1116,20171102,L.A. Lakers,Portland,-8.5,210.5
1117,20171101,Phoenix,Washington,-13,225.5
1118,20171101,Milwaukee,Charlotte,-3,203
1119,20171101,Atlanta,Philadelphia,-8.5,210
1120,20171101,Indiana,Cleveland,-11,218.5
1121,20171101,Sacramento,Boston,-12.5,198
1122,20171101,Chicago,Miami,-9.5,201.5
1123,20171101,Orlando,Memphis,-4,204.5
1124,20171101,Houston,New York,-5,212
1125,20171101,Minnesota,New Orleans,-1.5,224
1126,20171101,Toronto,Denver,-1,213.5
1127,20171101,Portland,Utah,-4,196
1128,20171101,Dallas,L.A. Clippers,-9,204.5
1129,20171031,Sacramento,Indiana,-6,209.5
1130,20171031,Phoenix,Brooklyn,-3,230
1131,20171031,Oklahoma City,Milwaukee,-1,211
1132,20171031,Detroit,L.A. Lakers,-4.5,209
1133,20171030,San Antonio,Boston,-3,197
1134,20171030,Denver,New York,-3.5,207
1135,20171030,Minnesota,Miami,-1.5,216.5
1136,20171030,Charlotte,Memphis,-7,192.5
1137,20171030,Orlando,New Orleans,-7.5,224
1138,20171030,Philadelphia,Houston,-6,218
1139,20171030,Dallas,Utah,-7.5,190
1140,20171030,Toronto,Portland,-2,215.5
1141,20171030,Golden State,L.A. Clippers,-4.5,221
1142,20171029,Milwaukee,Atlanta,-5.5,203.5
1143,20171029,San Antonio,Indiana,-7,207
1144,20171029,Orlando,Charlotte,-3.5,212.5
1145,20171029,Washington,Sacramento,-6,211
1146,20171029,Denver,Brooklyn,-4.5,221.5
1147,20171029,New York,Cleveland,-9.5,210
1148,20171029,Detroit,Golden State,-13,222
1149,20171028,Cleveland,New Orleans,-4,216.5
1150,20171028,Houston,Memphis,-1,205
1151,20171028,Boston,Miami,-1.5,207
1152,20171028,Oklahoma City,Chicago,-8.5,u205
1153,20171028,Philadelphia,Dallas,-1,207
1154,20171028,L.A. Lakers,Utah,-10,207
1155,20171028,Phoenix,Portland,-10.5,216
1156,20171028,Detroit,L.A. Clippers,-7,208.5
1157,20171027,San Antonio,Orlando,-5.5,207
1158,20171027,Houston,Charlotte,-2.5,211.5
1159,20171027,Brooklyn,New York,-2,219.5
1160,20171027,Denver,Atlanta,-8.5,206
1161,20171027,Oklahoma City,Minnesota,-2.5,214.5
1162,20171027,Toronto,L.A. Lakers,-6.5,225
1163,20171027,Washington,Golden State,-10.5,230.5
1164,20171026,Dallas,Memphis,-8,196.5
1165,20171026,Boston,Milwaukee,-4.5,207
1166,20171026,Atlanta,Chicago,-2.5,200
1167,20171026,L.A. Clippers,Portland,-2,211.5
1168,20171026,New Orleans,Sacramento,-2,203
1169,20171025,Minnesota,Detroit,-1.5,208
1170,20171025,Houston,Philadelphia,-3.5,222
1171,20171025,Denver,Charlotte,-1.5,212
1172,20171025,Cleveland,Brooklyn,-7,227
1173,20171025,San Antonio,Miami,-3.5,195
1174,20171025,Indiana,Oklahoma City,-14.5,218
1175,20171025,Memphis,Dallas,-5,195
1176,20171025,Utah,Phoenix,-6,203
1177,20171025,Washington,L.A. Lakers,-6,230
1178,20171025,Toronto,Golden State,-12.5,224
1179,20171024,Brooklyn,Orlando,-3.5,229
1180,20171024,Chicago,Cleveland,-14,207.5
1181,20171024,New York,Boston,-9,210
1182,20171024,Indiana,Minnesota,-11,217
1183,20171024,New Orleans,Portland,-4.5,219
1184,20171024,Utah,L.A. Clippers,-3.5,200.5
1185,20171023,Philadelphia,Detroit,-4.5,213.5
1186,20171023,Atlanta,Miami,-9,203.5
1187,20171023,Memphis,Houston,-8,211
1188,20171023,Charlotte,Milwaukee,-6,205.5
1189,20171023,Golden State,Dallas,-10.5,214
1190,20171023,Toronto,San Antonio,-2.5,205.5
1191,20171023,Washington,Denver,-3.5,223
1192,20171023,Sacramento,Phoenix,-2,210
1193,20171022,Atlanta,Brooklyn,-2.5,219.5
1194,20171022,Minnesota,Oklahoma City,-4.5,211.5
1195,20171022,New Orleans,L.A. Lakers,-4,218
1196,20171021,Philadelphia,Toronto,-7.5,216
1197,20171021,Orlando,Cleveland,-11,212.5
1198,20171021,Dallas,Houston,-10.5,214.5
1199,20171021,Detroit,New York,-1.5,206.5
1200,20171021,Indiana,Miami,-8.5,211
1201,20171021,San Antonio,Chicago,-8,202
1202,20171021,Golden State,Memphis,-7.5,213
1203,20171021,Portland,Milwaukee,-4.5,214.5
1204,20171021,Sacramento,Denver,-11,216
1205,20171021,Oklahoma City,Utah,-4,202
1206,20171021,Phoenix,L.A. Clippers,-11.5,217.5
1207,20171020,Boston,Philadelphia,-1,217
1208,20171020,Atlanta,Charlotte,-6,202.5
1209,20171020,Detroit,Washington,-6.5,210.5
1210,20171020,Cleveland,Milwaukee,-1.5,210
1211,20171020,Portland,Indiana,-3.5,221.5
1212,20171020,Orlando,Brooklyn,-1.5,220.5
1213,20171020,Utah,Minnesota,-5.5,200
1214,20171020,Sacramento,Dallas,-5.5,201.5
1215,20171020,Golden State,New Orleans,-6.5,222.5
1216,20171020,L.A. Lakers,Phoenix,-3,222
1217,20171019,Chicago,Toronto,-11,206
1218,20171019,New York,Oklahoma City,-11,214.5
1219,20171019,L.A. Clippers,L.A. Lakers,-4.5,218.5
1220,20171018,Brooklyn,Indiana,-3.5,213.5
1221,20171018,Philadelphia,Washington,-7,215.5
1222,20171018,Miami,Orlando,-3,207
1223,20171018,Charlotte,Detroit,-3,204
1224,20171018,Milwaukee,Boston,-5.5,207
1225,20171018,New Orleans,Memphis,-3,205
1226,20171018,Atlanta,Dallas,-6.5,198
1227,20171018,Denver,Utah,-2,207.5
1228,20171018,Minnesota,San Antonio,-1,205.5
1229,20171018,Houston,Sacramento,-8.5,218.5
1230,20171018,Portland,Phoenix,-1,220
1231,20171017,Boston,Cleveland,-3,214
1232,20171017,Houston,Golden State,-9,232
